{
        "Joaquín Sabina":,
        "album":"[
        
         {             
        "name":"Nos Sobran Los Motivos"
            
        ,            
        "playcount":"893143"
            
        ,            
        "url":"https://www.last.fm/music/Joaqu%C3%ADn+Sabina/Nos+Sobran+Los+Motivos"
            
        ,            
        "artist":"
                Joaquín Sabina
                a992aada-7108-455d-9747-0b7b6a089e8d
                https://www.last.fm/music/Joaqu%C3%ADn+Sabina
            "
            
        ,            
        "image":"https://lastfm.freetls.fastly.net/i/u/34s/ed056b70ade449a1bde44096bb91d174.png"
            
        ,            
        "image":"https://lastfm.freetls.fastly.net/i/u/64s/ed056b70ade449a1bde44096bb91d174.png"
            
        ,            
        "image":"https://lastfm.freetls.fastly.net/i/u/174s/ed056b70ade449a1bde44096bb91d174.png"
            
        ,            
        "image":"https://lastfm.freetls.fastly.net/i/u/300x300/ed056b70ade449a1bde44096bb91d174.png"
            
        },
            
            
        "album":[
        
        
         {             
        "name":"19 Días y 500 Noches"
            
        ,            
        "playcount":"590253"
            
        ,            
        "url":"https://www.last.fm/music/Joaqu%C3%ADn+Sabina/19+D%C3%ADas+y+500+Noches"
            
        ,            
        "artist":"
                Joaquín Sabina
                a992aada-7108-455d-9747-0b7b6a089e8d
                https://www.last.fm/music/Joaqu%C3%ADn+Sabina
            "
            
        ,            
        "image":"https://lastfm.freetls.fastly.net/i/u/34s/8c01b5e6f90c4bb5cb0e5826e2ba4e79.png"
            
        ,            
        "image":"https://lastfm.freetls.fastly.net/i/u/64s/8c01b5e6f90c4bb5cb0e5826e2ba4e79.png"
            
        ,            
        "image":"https://lastfm.freetls.fastly.net/i/u/174s/8c01b5e6f90c4bb5cb0e5826e2ba4e79.png"
            
        ,            
        "image":"https://lastfm.freetls.fastly.net/i/u/300x300/8c01b5e6f90c4bb5cb0e5826e2ba4e79.png"
            
        },
            
            
        "album":[
        
        
         {             
        "name":"Fisica Y Quimica"
            
        ,            
        "playcount":"348065"
            
        ,            
        "url":"https://www.last.fm/music/Joaqu%C3%ADn+Sabina/Fisica+Y+Quimica"
            
        ,            
        "artist":"
                Joaquín Sabina
                a992aada-7108-455d-9747-0b7b6a089e8d
                https://www.last.fm/music/Joaqu%C3%ADn+Sabina
            "
            
        ,            
        "image":"https://lastfm.freetls.fastly.net/i/u/34s/eef9087b63e1aa5208808080ff0664bc.png"
            
        ,            
        "image":"https://lastfm.freetls.fastly.net/i/u/64s/eef9087b63e1aa5208808080ff0664bc.png"
            
        ,            
        "image":"https://lastfm.freetls.fastly.net/i/u/174s/eef9087b63e1aa5208808080ff0664bc.png"
            
        ,            
        "image":"https://lastfm.freetls.fastly.net/i/u/300x300/eef9087b63e1aa5208808080ff0664bc.png"
            
        },
            
            
        "album":[
        
        
         {             
        "name":"Yo, mi, me, contigo"
            
        ,            
        "playcount":"350432"
            
        ,            
        "mbid":"ecb846fb-4629-419f-86ba-57f74502a083"
            
        ,            
        "url":"https://www.last.fm/music/Joaqu%C3%ADn+Sabina/Yo,+mi,+me,+contigo"
            
        ,            
        "artist":"
                Joaquín Sabina
                a992aada-7108-455d-9747-0b7b6a089e8d
                https://www.last.fm/music/Joaqu%C3%ADn+Sabina
            "
            
        ,            
        "image":"https://lastfm.freetls.fastly.net/i/u/34s/6b066c22736530ffb1e33c51a2e615de.png"
            
        ,            
        "image":"https://lastfm.freetls.fastly.net/i/u/64s/6b066c22736530ffb1e33c51a2e615de.png"
            
        ,            
        "image":"https://lastfm.freetls.fastly.net/i/u/174s/6b066c22736530ffb1e33c51a2e615de.png"
            
        ,            
        "image":"https://lastfm.freetls.fastly.net/i/u/300x300/6b066c22736530ffb1e33c51a2e615de.png"
            
        },
            
            
        "album":[
        
        
         {             
        "name":"Esta Boca es Mía"
            
        ,            
        "playcount":"376822"
            
        ,            
        "mbid":"715c5e2d-ccb8-4523-886d-a191bf0b1f1c"
            
        ,            
        "url":"https://www.last.fm/music/Joaqu%C3%ADn+Sabina/Esta+Boca+es+M%C3%ADa"
            
        ,            
        "artist":"
                Joaquín Sabina
                a992aada-7108-455d-9747-0b7b6a089e8d
                https://www.last.fm/music/Joaqu%C3%ADn+Sabina
            "
            
        ,            
        "image":"https://lastfm.freetls.fastly.net/i/u/34s/5ff9329dc62f4831c8156c8faa9ff9b2.png"
            
        ,            
        "image":"https://lastfm.freetls.fastly.net/i/u/64s/5ff9329dc62f4831c8156c8faa9ff9b2.png"
            
        ,            
        "image":"https://lastfm.freetls.fastly.net/i/u/174s/5ff9329dc62f4831c8156c8faa9ff9b2.png"
            
        ,            
        "image":"https://lastfm.freetls.fastly.net/i/u/300x300/5ff9329dc62f4831c8156c8faa9ff9b2.png"
            
        },
            
            
        "album":[
        
        
         {             
        "name":"Dímelo en la Calle"
            
        ,            
        "playcount":"344596"
            
        ,            
        "mbid":"1c769c3b-3e74-45cc-a568-2084f623c6c3"
            
        ,            
        "url":"https://www.last.fm/music/Joaqu%C3%ADn+Sabina/D%C3%ADmelo+en+la+Calle"
            
        ,            
        "artist":"
                Joaquín Sabina
                a992aada-7108-455d-9747-0b7b6a089e8d
                https://www.last.fm/music/Joaqu%C3%ADn+Sabina
            "
            
        ,            
        "image":"https://lastfm.freetls.fastly.net/i/u/34s/4b24747996184046f052c8f09e4cb58b.png"
            
        ,            
        "image":"https://lastfm.freetls.fastly.net/i/u/64s/4b24747996184046f052c8f09e4cb58b.png"
            
        ,            
        "image":"https://lastfm.freetls.fastly.net/i/u/174s/4b24747996184046f052c8f09e4cb58b.png"
            
        ,            
        "image":"https://lastfm.freetls.fastly.net/i/u/300x300/4b24747996184046f052c8f09e4cb58b.png"
            
        },
            
            
        "album":[
        
        
         {             
        "name":"Alivio de Luto"
            
        ,            
        "playcount":"332475"
            
        ,            
        "mbid":"9e4b850d-b01d-46ee-9bd3-324e76ab75d8"
            
        ,            
        "url":"https://www.last.fm/music/Joaqu%C3%ADn+Sabina/Alivio+de+Luto"
            
        ,            
        "artist":"
                Joaquín Sabina
                a992aada-7108-455d-9747-0b7b6a089e8d
                https://www.last.fm/music/Joaqu%C3%ADn+Sabina
            "
            
        ,            
        "image":"https://lastfm.freetls.fastly.net/i/u/34s/294b3a2f29dc405480d24ccd41bcffd9.png"
            
        ,            
        "image":"https://lastfm.freetls.fastly.net/i/u/64s/294b3a2f29dc405480d24ccd41bcffd9.png"
            
        ,            
        "image":"https://lastfm.freetls.fastly.net/i/u/174s/294b3a2f29dc405480d24ccd41bcffd9.png"
            
        ,            
        "image":"https://lastfm.freetls.fastly.net/i/u/300x300/294b3a2f29dc405480d24ccd41bcffd9.png"
            
        },
            
            
        "album":[
        
        
         {             
        "name":"Mentiras Piadosas"
            
        ,            
        "playcount":"264230"
            
        ,            
        "mbid":"19ba960d-537e-36cd-919a-47e48e55a95e"
            
        ,            
        "url":"https://www.last.fm/music/Joaqu%C3%ADn+Sabina/Mentiras+Piadosas"
            
        ,            
        "artist":"
                Joaquín Sabina
                a992aada-7108-455d-9747-0b7b6a089e8d
                https://www.last.fm/music/Joaqu%C3%ADn+Sabina
            "
            
        ,            
        "image":"https://lastfm.freetls.fastly.net/i/u/34s/f5888f8f94e42bfa70a36363e67940d0.png"
            
        ,            
        "image":"https://lastfm.freetls.fastly.net/i/u/64s/f5888f8f94e42bfa70a36363e67940d0.png"
            
        ,            
        "image":"https://lastfm.freetls.fastly.net/i/u/174s/f5888f8f94e42bfa70a36363e67940d0.png"
            
        ,            
        "image":"https://lastfm.freetls.fastly.net/i/u/300x300/f5888f8f94e42bfa70a36363e67940d0.png"
            
        },
            
            
        "album":[
        
        
         {             
        "name":"Malas Compañías"
            
        ,            
        "playcount":"125533"
            
        ,            
        "mbid":"89ecf8cc-7d9f-4554-bf73-a74d39581314"
            
        ,            
        "url":"https://www.last.fm/music/Joaqu%C3%ADn+Sabina/Malas+Compa%C3%B1%C3%ADas"
            
        ,            
        "artist":"
                Joaquín Sabina
                a992aada-7108-455d-9747-0b7b6a089e8d
                https://www.last.fm/music/Joaqu%C3%ADn+Sabina
            "
            
        ,            
        "image":"https://lastfm.freetls.fastly.net/i/u/34s/ef48eb2c8c253b564e316b30b0d90858.png"
            
        ,            
        "image":"https://lastfm.freetls.fastly.net/i/u/64s/ef48eb2c8c253b564e316b30b0d90858.png"
            
        ,            
        "image":"https://lastfm.freetls.fastly.net/i/u/174s/ef48eb2c8c253b564e316b30b0d90858.png"
            
        ,            
        "image":"https://lastfm.freetls.fastly.net/i/u/300x300/ef48eb2c8c253b564e316b30b0d90858.png"
            
        },
            
            
        "album":[
        
        
         {             
        "name":"Hotel, Dulce Hotel"
            
        ,            
        "playcount":"162576"
            
        ,            
        "mbid":"a1678767-c0e2-3462-bfe7-e2f61b8f2d8d"
            
        ,            
        "url":"https://www.last.fm/music/Joaqu%C3%ADn+Sabina/Hotel,+Dulce+Hotel"
            
        ,            
        "artist":"
                Joaquín Sabina
                a992aada-7108-455d-9747-0b7b6a089e8d
                https://www.last.fm/music/Joaqu%C3%ADn+Sabina
            "
            
        ,            
        "image":"https://lastfm.freetls.fastly.net/i/u/34s/f0a2c4c75fa04cc6bf3a924ead5b4d4e.png"
            
        ,            
        "image":"https://lastfm.freetls.fastly.net/i/u/64s/f0a2c4c75fa04cc6bf3a924ead5b4d4e.png"
            
        ,            
        "image":"https://lastfm.freetls.fastly.net/i/u/174s/f0a2c4c75fa04cc6bf3a924ead5b4d4e.png"
            
        ,            
        "image":"https://lastfm.freetls.fastly.net/i/u/300x300/f0a2c4c75fa04cc6bf3a924ead5b4d4e.png"
            
        },
            
            
        "album":[
        
        
         {             
        "name":"Diario De Un Peaton"
            
        ,            
        "playcount":"146928"
            
        ,            
        "url":"https://www.last.fm/music/Joaqu%C3%ADn+Sabina/Diario+De+Un+Peaton"
            
        ,            
        "artist":"
                Joaquín Sabina
                a992aada-7108-455d-9747-0b7b6a089e8d
                https://www.last.fm/music/Joaqu%C3%ADn+Sabina
            "
            
        ,            
        "image":"https://lastfm.freetls.fastly.net/i/u/34s/c2a6df28ee90077bea39ba667145274d.png"
            
        ,            
        "image":"https://lastfm.freetls.fastly.net/i/u/64s/c2a6df28ee90077bea39ba667145274d.png"
            
        ,            
        "image":"https://lastfm.freetls.fastly.net/i/u/174s/c2a6df28ee90077bea39ba667145274d.png"
            
        ,            
        "image":"https://lastfm.freetls.fastly.net/i/u/300x300/c2a6df28ee90077bea39ba667145274d.png"
            
        },
            
            
        "album":[
        
        
         {             
        "name":"Vinagre Y Rosas"
            
        ,            
        "playcount":"420390"
            
        ,            
        "mbid":"9b5e8d46-e2da-4938-a13d-7c02ad5919ad"
            
        ,            
        "url":"https://www.last.fm/music/Joaqu%C3%ADn+Sabina/Vinagre+Y+Rosas"
            
        ,            
        "artist":"
                Joaquín Sabina
                a992aada-7108-455d-9747-0b7b6a089e8d
                https://www.last.fm/music/Joaqu%C3%ADn+Sabina
            "
            
        ,            
        "image":"https://lastfm.freetls.fastly.net/i/u/34s/2e0160b54ad742dcb50fd7b7ef657aea.png"
            
        ,            
        "image":"https://lastfm.freetls.fastly.net/i/u/64s/2e0160b54ad742dcb50fd7b7ef657aea.png"
            
        ,            
        "image":"https://lastfm.freetls.fastly.net/i/u/174s/2e0160b54ad742dcb50fd7b7ef657aea.png"
            
        ,            
        "image":"https://lastfm.freetls.fastly.net/i/u/300x300/2e0160b54ad742dcb50fd7b7ef657aea.png"
            
        },
            
            
        "album":[
        
        
         {             
        "name":"En Directo"
            
        ,            
        "playcount":"74945"
            
        ,            
        "url":"https://www.last.fm/music/Joaqu%C3%ADn+Sabina/En+Directo"
            
        ,            
        "artist":"
                Joaquín Sabina
                a992aada-7108-455d-9747-0b7b6a089e8d
                https://www.last.fm/music/Joaqu%C3%ADn+Sabina
            "
            
        ,            
        "image":"https://lastfm.freetls.fastly.net/i/u/34s/13d16e56e8852a55909c2aeea91bdf87.png"
            
        ,            
        "image":"https://lastfm.freetls.fastly.net/i/u/64s/13d16e56e8852a55909c2aeea91bdf87.png"
            
        ,            
        "image":"https://lastfm.freetls.fastly.net/i/u/174s/13d16e56e8852a55909c2aeea91bdf87.png"
            
        ,            
        "image":"https://lastfm.freetls.fastly.net/i/u/300x300/13d16e56e8852a55909c2aeea91bdf87.png"
            
        },
            
            
        "album":[
        
        
         {             
        "name":"El Hombre Del Traje Gris"
            
        ,            
        "playcount":"174791"
            
        ,            
        "mbid":"dab2b276-349a-414c-b58d-c3f8bcf0eac9"
            
        ,            
        "url":"https://www.last.fm/music/Joaqu%C3%ADn+Sabina/El+Hombre+Del+Traje+Gris"
            
        ,            
        "artist":"
                Joaquín Sabina
                a992aada-7108-455d-9747-0b7b6a089e8d
                https://www.last.fm/music/Joaqu%C3%ADn+Sabina
            "
            
        ,            
        "image":"https://lastfm.freetls.fastly.net/i/u/34s/516477656be64adfca9323e52964f14a.png"
            
        ,            
        "image":"https://lastfm.freetls.fastly.net/i/u/64s/516477656be64adfca9323e52964f14a.png"
            
        ,            
        "image":"https://lastfm.freetls.fastly.net/i/u/174s/516477656be64adfca9323e52964f14a.png"
            
        ,            
        "image":"https://lastfm.freetls.fastly.net/i/u/300x300/516477656be64adfca9323e52964f14a.png"
            
        },
            
            
        "album":[
        
        
         {             
        "name":"Esencial Joaquin Sabina"
            
        ,            
        "playcount":"200099"
            
        ,            
        "url":"https://www.last.fm/music/Joaqu%C3%ADn+Sabina/Esencial+Joaquin+Sabina"
            
        ,            
        "artist":"
                Joaquín Sabina
                a992aada-7108-455d-9747-0b7b6a089e8d
                https://www.last.fm/music/Joaqu%C3%ADn+Sabina
            "
            
        ,            
        "image":"https://lastfm.freetls.fastly.net/i/u/34s/8517df4ced051816eeeb5d4d6195fcea.png"
            
        ,            
        "image":"https://lastfm.freetls.fastly.net/i/u/64s/8517df4ced051816eeeb5d4d6195fcea.png"
            
        ,            
        "image":"https://lastfm.freetls.fastly.net/i/u/174s/8517df4ced051816eeeb5d4d6195fcea.png"
            
        ,            
        "image":"https://lastfm.freetls.fastly.net/i/u/300x300/8517df4ced051816eeeb5d4d6195fcea.png"
            
        },
            
            
        "album":[
        
        
         {             
        "name":"Física y Química"
            
        ,            
        "playcount":"177647"
            
        ,            
        "mbid":"c8b3865f-e68a-41d5-a8f4-a5a2f0516709"
            
        ,            
        "url":"https://www.last.fm/music/Joaqu%C3%ADn+Sabina/F%C3%ADsica+y+Qu%C3%ADmica"
            
        ,            
        "artist":"
                Joaquín Sabina
                a992aada-7108-455d-9747-0b7b6a089e8d
                https://www.last.fm/music/Joaqu%C3%ADn+Sabina
            "
            
        ,            
        "image":"https://lastfm.freetls.fastly.net/i/u/34s/8d9c8d8ae86944b2c49392a7c23bd04f.png"
            
        ,            
        "image":"https://lastfm.freetls.fastly.net/i/u/64s/8d9c8d8ae86944b2c49392a7c23bd04f.png"
            
        ,            
        "image":"https://lastfm.freetls.fastly.net/i/u/174s/8d9c8d8ae86944b2c49392a7c23bd04f.png"
            
        ,            
        "image":"https://lastfm.freetls.fastly.net/i/u/300x300/8d9c8d8ae86944b2c49392a7c23bd04f.png"
            
        },
            
            
        "album":[
        
        
         {             
        "name":"Inventario"
            
        ,            
        "playcount":"76188"
            
        ,            
        "mbid":"e165ec2c-d827-42ae-95e1-2e5599abb7fc"
            
        ,            
        "url":"https://www.last.fm/music/Joaqu%C3%ADn+Sabina/Inventario"
            
        ,            
        "artist":"
                Joaquín Sabina
                a992aada-7108-455d-9747-0b7b6a089e8d
                https://www.last.fm/music/Joaqu%C3%ADn+Sabina
            "
            
        ,            
        "image":"https://lastfm.freetls.fastly.net/i/u/34s/e3f4d40e7103f86e2641d9b3237c7b4d.png"
            
        ,            
        "image":"https://lastfm.freetls.fastly.net/i/u/64s/e3f4d40e7103f86e2641d9b3237c7b4d.png"
            
        ,            
        "image":"https://lastfm.freetls.fastly.net/i/u/174s/e3f4d40e7103f86e2641d9b3237c7b4d.png"
            
        ,            
        "image":"https://lastfm.freetls.fastly.net/i/u/300x300/e3f4d40e7103f86e2641d9b3237c7b4d.png"
            
        },
            
            
        "album":[
        
        
         {             
        "name":"Mucho Sabina"
            
        ,            
        "playcount":"51854"
            
        ,            
        "mbid":"35414738-cc00-4848-8a77-57320fd8e0ab"
            
        ,            
        "url":"https://www.last.fm/music/Joaqu%C3%ADn+Sabina/Mucho+Sabina"
            
        ,            
        "artist":"
                Joaquín Sabina
                a992aada-7108-455d-9747-0b7b6a089e8d
                https://www.last.fm/music/Joaqu%C3%ADn+Sabina
            "
            
        ,            
        "image":"https://lastfm.freetls.fastly.net/i/u/34s/579504a0430f4e6ba7b0708075eec42e.png"
            
        ,            
        "image":"https://lastfm.freetls.fastly.net/i/u/64s/579504a0430f4e6ba7b0708075eec42e.png"
            
        ,            
        "image":"https://lastfm.freetls.fastly.net/i/u/174s/579504a0430f4e6ba7b0708075eec42e.png"
            
        ,            
        "image":"https://lastfm.freetls.fastly.net/i/u/300x300/579504a0430f4e6ba7b0708075eec42e.png"
            
        },
            
            
        "album":[
        
        
         {             
        "name":"Ruleta Rusa"
            
        ,            
        "playcount":"72302"
            
        ,            
        "mbid":"c8480bf4-516f-43a5-92b2-b1785666c8da"
            
        ,            
        "url":"https://www.last.fm/music/Joaqu%C3%ADn+Sabina/Ruleta+Rusa"
            
        ,            
        "artist":"
                Joaquín Sabina
                a992aada-7108-455d-9747-0b7b6a089e8d
                https://www.last.fm/music/Joaqu%C3%ADn+Sabina
            "
            
        ,            
        "image":"https://lastfm.freetls.fastly.net/i/u/34s/c7f7ecf469bb8e9e2634f96cc7aa5b25.png"
            
        ,            
        "image":"https://lastfm.freetls.fastly.net/i/u/64s/c7f7ecf469bb8e9e2634f96cc7aa5b25.png"
            
        ,            
        "image":"https://lastfm.freetls.fastly.net/i/u/174s/c7f7ecf469bb8e9e2634f96cc7aa5b25.png"
            
        ,            
        "image":"https://lastfm.freetls.fastly.net/i/u/300x300/c7f7ecf469bb8e9e2634f96cc7aa5b25.png"
            
        },
            
            
        "album":[
        
        
         {             
        "name":"Juez y Parte"
            
        ,            
        "playcount":"100314"
            
        ,            
        "url":"https://www.last.fm/music/Joaqu%C3%ADn+Sabina/Juez+y+Parte"
            
        ,            
        "artist":"
                Joaquín Sabina
                a992aada-7108-455d-9747-0b7b6a089e8d
                https://www.last.fm/music/Joaqu%C3%ADn+Sabina
            "
            
        ,            
        "image":"https://lastfm.freetls.fastly.net/i/u/34s/d6296cbbfe194f235632fd41cdfeaa04.png"
            
        ,            
        "image":"https://lastfm.freetls.fastly.net/i/u/64s/d6296cbbfe194f235632fd41cdfeaa04.png"
            
        ,            
        "image":"https://lastfm.freetls.fastly.net/i/u/174s/d6296cbbfe194f235632fd41cdfeaa04.png"
            
        ,            
        "image":"https://lastfm.freetls.fastly.net/i/u/300x300/d6296cbbfe194f235632fd41cdfeaa04.png"
            
        },
            
            
        "album":[
        
        
         {             
        "name":"Lo Niego Todo"
            
        ,            
        "playcount":"97321"
            
        ,            
        "url":"https://www.last.fm/music/Joaqu%C3%ADn+Sabina/Lo+Niego+Todo"
            
        ,            
        "artist":"
                Joaquín Sabina
                a992aada-7108-455d-9747-0b7b6a089e8d
                https://www.last.fm/music/Joaqu%C3%ADn+Sabina
            "
            
        ,            
        "image":"https://lastfm.freetls.fastly.net/i/u/34s/fd7f7a6b6f62543923911f9691b08165.png"
            
        ,            
        "image":"https://lastfm.freetls.fastly.net/i/u/64s/fd7f7a6b6f62543923911f9691b08165.png"
            
        ,            
        "image":"https://lastfm.freetls.fastly.net/i/u/174s/fd7f7a6b6f62543923911f9691b08165.png"
            
        ,            
        "image":"https://lastfm.freetls.fastly.net/i/u/300x300/fd7f7a6b6f62543923911f9691b08165.png"
            
        },
            
            
        "album":[
        
        
         {             
        "name":"500 Noches para una Crisis (En Directo)"
            
        ,            
        "playcount":"94910"
            
        ,            
        "url":"https://www.last.fm/music/Joaqu%C3%ADn+Sabina/500+Noches+para+una+Crisis+(En+Directo)"
            
        ,            
        "artist":"
                Joaquín Sabina
                a992aada-7108-455d-9747-0b7b6a089e8d
                https://www.last.fm/music/Joaqu%C3%ADn+Sabina
            "
            
        ,            
        "image":"https://lastfm.freetls.fastly.net/i/u/34s/2a3ff1301210416ac1a6e9bce5e2942d.png"
            
        ,            
        "image":"https://lastfm.freetls.fastly.net/i/u/64s/2a3ff1301210416ac1a6e9bce5e2942d.png"
            
        ,            
        "image":"https://lastfm.freetls.fastly.net/i/u/174s/2a3ff1301210416ac1a6e9bce5e2942d.png"
            
        ,            
        "image":"https://lastfm.freetls.fastly.net/i/u/300x300/2a3ff1301210416ac1a6e9bce5e2942d.png"
            
        },
            
            
        "album":[
        
        
         {             
        "name":"19 Dias y 500 Noches"
            
        ,            
        "playcount":"43411"
            
        ,            
        "mbid":"1483f80b-e3d7-4172-a946-e52a8164725e"
            
        ,            
        "url":"https://www.last.fm/music/JOAQU%C3%8DN+SABINA/19+Dias+y+500+Noches"
            
        ,            
        "artist":"
                Joaquín Sabina
                a992aada-7108-455d-9747-0b7b6a089e8d
                https://www.last.fm/music/Joaqu%C3%ADn+Sabina
            "
            
        ,            
        "image":"https://lastfm.freetls.fastly.net/i/u/34s/26314b6f90ca4241c222a63750902123.png"
            
        ,            
        "image":"https://lastfm.freetls.fastly.net/i/u/64s/26314b6f90ca4241c222a63750902123.png"
            
        ,            
        "image":"https://lastfm.freetls.fastly.net/i/u/174s/26314b6f90ca4241c222a63750902123.png"
            
        ,            
        "image":"https://lastfm.freetls.fastly.net/i/u/300x300/26314b6f90ca4241c222a63750902123.png"
            
        },
            
            
        "album":[
        
        
         {             
        "name":"Esta Boca Es Mia"
            
        ,            
        "playcount":"26820"
            
        ,            
        "url":"https://www.last.fm/music/Joaqu%C3%ADn+Sabina/Esta+Boca+Es+Mia"
            
        ,            
        "artist":"
                Joaquín Sabina
                a992aada-7108-455d-9747-0b7b6a089e8d
                https://www.last.fm/music/Joaqu%C3%ADn+Sabina
            "
            
        ,            
        "image":"https://lastfm.freetls.fastly.net/i/u/34s/a555fedca5305fc41715caf892a2c95e.png"
            
        ,            
        "image":"https://lastfm.freetls.fastly.net/i/u/64s/a555fedca5305fc41715caf892a2c95e.png"
            
        ,            
        "image":"https://lastfm.freetls.fastly.net/i/u/174s/a555fedca5305fc41715caf892a2c95e.png"
            
        ,            
        "image":"https://lastfm.freetls.fastly.net/i/u/300x300/a555fedca5305fc41715caf892a2c95e.png"
            
        },
            
            
        "album":[
        
        
         {             
        "name":"Parece Que Fue Ayer"
            
        ,            
        "playcount":"31951"
            
        ,            
        "url":"https://www.last.fm/music/Joaqu%C3%ADn+Sabina/Parece+Que+Fue+Ayer"
            
        ,            
        "artist":"
                Joaquín Sabina
                a992aada-7108-455d-9747-0b7b6a089e8d
                https://www.last.fm/music/Joaqu%C3%ADn+Sabina
            "
            
        ,            
        "image":"https://lastfm.freetls.fastly.net/i/u/34s/fba102f4f0fd4ec7a623230a7decd9d1.png"
            
        ,            
        "image":"https://lastfm.freetls.fastly.net/i/u/64s/fba102f4f0fd4ec7a623230a7decd9d1.png"
            
        ,            
        "image":"https://lastfm.freetls.fastly.net/i/u/174s/fba102f4f0fd4ec7a623230a7decd9d1.png"
            
        ,            
        "image":"https://lastfm.freetls.fastly.net/i/u/300x300/fba102f4f0fd4ec7a623230a7decd9d1.png"
            
        },
            
            
        "album":[
        
        
         {             
        "name":"Entre Todas las Mujeres"
            
        ,            
        "playcount":"39320"
            
        ,            
        "url":"https://www.last.fm/music/Joaqu%C3%ADn+Sabina/Entre+Todas+las+Mujeres"
            
        ,            
        "artist":"
                Joaquín Sabina
                a992aada-7108-455d-9747-0b7b6a089e8d
                https://www.last.fm/music/Joaqu%C3%ADn+Sabina
            "
            
        ,            
        "image":"https://lastfm.freetls.fastly.net/i/u/34s/1ac4fc4b1d9a452396717484fd3cdd24.png"
            
        ,            
        "image":"https://lastfm.freetls.fastly.net/i/u/64s/1ac4fc4b1d9a452396717484fd3cdd24.png"
            
        ,            
        "image":"https://lastfm.freetls.fastly.net/i/u/174s/1ac4fc4b1d9a452396717484fd3cdd24.png"
            
        ,            
        "image":"https://lastfm.freetls.fastly.net/i/u/300x300/1ac4fc4b1d9a452396717484fd3cdd24.png"
            
        },
            
            
        "album":[
        
        
         {             
        "name":"Diario de un peatón"
            
        ,            
        "playcount":"52335"
            
        ,            
        "mbid":"3dbfb27b-619b-434f-a6fc-543a98ffed7f"
            
        ,            
        "url":"https://www.last.fm/music/Joaqu%C3%ADn+Sabina/Diario+de+un+peat%C3%B3n"
            
        ,            
        "artist":"
                Joaquín Sabina
                a992aada-7108-455d-9747-0b7b6a089e8d
                https://www.last.fm/music/Joaqu%C3%ADn+Sabina
            "
            
        ,            
        "image":"https://lastfm.freetls.fastly.net/i/u/34s/5b5fc722587c490b879e0df1f55dca66.png"
            
        ,            
        "image":"https://lastfm.freetls.fastly.net/i/u/64s/5b5fc722587c490b879e0df1f55dca66.png"
            
        ,            
        "image":"https://lastfm.freetls.fastly.net/i/u/174s/5b5fc722587c490b879e0df1f55dca66.png"
            
        ,            
        "image":"https://lastfm.freetls.fastly.net/i/u/300x300/5b5fc722587c490b879e0df1f55dca66.png"
            
        },
            
            
        "album":[
        
        
         {             
        "name":"Pongamos que Hablo De Madrid"
            
        ,            
        "playcount":"15720"
            
        ,            
        "mbid":"a6345d4d-154e-40ad-ac62-ab1c33e962de"
            
        ,            
        "url":"https://www.last.fm/music/Joaqu%C3%ADn+Sabina/Pongamos+que+Hablo+De+Madrid"
            
        ,            
        "artist":"
                Joaquín Sabina
                a992aada-7108-455d-9747-0b7b6a089e8d
                https://www.last.fm/music/Joaqu%C3%ADn+Sabina
            "
            
        ,            
        "image":"https://lastfm.freetls.fastly.net/i/u/34s/647d76b31efdd452da2d87bc24af1734.png"
            
        ,            
        "image":"https://lastfm.freetls.fastly.net/i/u/64s/647d76b31efdd452da2d87bc24af1734.png"
            
        ,            
        "image":"https://lastfm.freetls.fastly.net/i/u/174s/647d76b31efdd452da2d87bc24af1734.png"
            
        ,            
        "image":"https://lastfm.freetls.fastly.net/i/u/300x300/647d76b31efdd452da2d87bc24af1734.png"
            
        },
            
            
        "album":[
        
        
         {             
        "name":"Enemigos Intimos"
            
        ,            
        "playcount":"25720"
            
        ,            
        "url":"https://www.last.fm/music/Joaqu%C3%ADn+Sabina/Enemigos+Intimos"
            
        ,            
        "artist":"
                Joaquín Sabina
                a992aada-7108-455d-9747-0b7b6a089e8d
                https://www.last.fm/music/Joaqu%C3%ADn+Sabina
            "
            
        ,            
        "image":""
            
        ,            
        "image":""
            
        ,            
        "image":""
            
        ,            
        "image":""
            
        },
            
            
        "album":[
        
        
         {             
        "name":"Calle Melancolía"
            
        ,            
        "playcount":"15995"
            
        ,            
        "url":"https://www.last.fm/music/Joaqu%C3%ADn+Sabina/Calle+Melancol%C3%ADa"
            
        ,            
        "artist":"
                Joaquín Sabina
                a992aada-7108-455d-9747-0b7b6a089e8d
                https://www.last.fm/music/Joaqu%C3%ADn+Sabina
            "
            
        ,            
        "image":"https://lastfm.freetls.fastly.net/i/u/34s/4192339946444f5111e583cfae56aa33.png"
            
        ,            
        "image":"https://lastfm.freetls.fastly.net/i/u/64s/4192339946444f5111e583cfae56aa33.png"
            
        ,            
        "image":"https://lastfm.freetls.fastly.net/i/u/174s/4192339946444f5111e583cfae56aa33.png"
            
        ,            
        "image":"https://lastfm.freetls.fastly.net/i/u/300x300/4192339946444f5111e583cfae56aa33.png"
            
        },
            
            
        "album":[
        
        
         {             
        "name":"title"
            
        ,            
        "playcount":"11032"
            
        ,            
        "url":"https://www.last.fm/music/Joaqu%C3%ADn+Sabina/title"
            
        ,            
        "artist":"
                Joaquín Sabina
                a992aada-7108-455d-9747-0b7b6a089e8d
                https://www.last.fm/music/Joaqu%C3%ADn+Sabina
            "
            
        ,            
        "image":""
            
        ,            
        "image":""
            
        ,            
        "image":""
            
        ,            
        "image":""
            
        },
            
            
        "album":[
        
        
         {             
        "name":"Para Aute: Pasaba por Aquí (feat. Abel Pintos, Carlos Rivera, Dani Martin, Estopa, Ismael Serrano, Jorge Drexler, Pedro Guerra, Silvio Rodríguez, Vanesa Martin y Xoel López)"
            
        ,            
        "playcount":"4409"
            
        ,            
        "url":"https://www.last.fm/music/Joaqu%C3%ADn+Sabina/Para+Aute:+Pasaba+por+Aqu%C3%AD+(feat.+Abel+Pintos,+Carlos+Rivera,+Dani+Martin,+Estopa,+Ismael+Serrano,+Jorge+Drexler,+Pedro+Guerra,+Silvio+Rodr%C3%ADguez,+Vanesa+Martin+y+Xoel+L%C3%B3pez)"
            
        ,            
        "artist":"
                Joaquín Sabina
                a992aada-7108-455d-9747-0b7b6a089e8d
                https://www.last.fm/music/Joaqu%C3%ADn+Sabina
            "
            
        ,            
        "image":""
            
        ,            
        "image":""
            
        ,            
        "image":""
            
        ,            
        "image":""
            
        },
            
            
        "album":[
        
        
         {             
        "name":"Motivos De Un Sentimiento"
            
        ,            
        "playcount":"5452"
            
        ,            
        "url":"https://www.last.fm/music/Joaqu%C3%ADn+Sabina/Motivos+De+Un+Sentimiento"
            
        ,            
        "artist":"
                Joaquín Sabina
                a992aada-7108-455d-9747-0b7b6a089e8d
                https://www.last.fm/music/Joaqu%C3%ADn+Sabina
            "
            
        ,            
        "image":"https://lastfm.freetls.fastly.net/i/u/34s/be25f5c9fc584843aed70c3c103f62ef.png"
            
        ,            
        "image":"https://lastfm.freetls.fastly.net/i/u/64s/be25f5c9fc584843aed70c3c103f62ef.png"
            
        ,            
        "image":"https://lastfm.freetls.fastly.net/i/u/174s/be25f5c9fc584843aed70c3c103f62ef.png"
            
        ,            
        "image":"https://lastfm.freetls.fastly.net/i/u/300x300/be25f5c9fc584843aed70c3c103f62ef.png"
            
        },
            
            
        "album":[
        
        
         {             
        "name":"La Mandrágora"
            
        ,            
        "playcount":"20980"
            
        ,            
        "url":"https://www.last.fm/music/Joaqu%C3%ADn+Sabina/La+Mandr%C3%A1gora"
            
        ,            
        "artist":"
                Joaquín Sabina
                a992aada-7108-455d-9747-0b7b6a089e8d
                https://www.last.fm/music/Joaqu%C3%ADn+Sabina
            "
            
        ,            
        "image":"https://lastfm.freetls.fastly.net/i/u/34s/2395528ab00646e985d70c8792540a5b.png"
            
        ,            
        "image":"https://lastfm.freetls.fastly.net/i/u/64s/2395528ab00646e985d70c8792540a5b.png"
            
        ,            
        "image":"https://lastfm.freetls.fastly.net/i/u/174s/2395528ab00646e985d70c8792540a5b.png"
            
        ,            
        "image":"https://lastfm.freetls.fastly.net/i/u/300x300/2395528ab00646e985d70c8792540a5b.png"
            
        },
            
            
        "album":[
        
        
         {             
        "name":"Nos Sobran Los Motivos (Acústico 1)"
            
        ,            
        "playcount":"14493"
            
        ,            
        "url":"https://www.last.fm/music/Joaqu%C3%ADn+Sabina/Nos+Sobran+Los+Motivos+(Ac%C3%BAstico+1)"
            
        ,            
        "artist":"
                Joaquín Sabina
                a992aada-7108-455d-9747-0b7b6a089e8d
                https://www.last.fm/music/Joaqu%C3%ADn+Sabina
            "
            
        ,            
        "image":""
            
        ,            
        "image":""
            
        ,            
        "image":""
            
        ,            
        "image":""
            
        },
            
            
        "album":[
        
        
         {             
        "name":"Tiramisu de Limon"
            
        ,            
        "playcount":"7205"
            
        ,            
        "url":"https://www.last.fm/music/Joaqu%C3%ADn+Sabina/Tiramisu+de+Limon"
            
        ,            
        "artist":"
                Joaquín Sabina
                a992aada-7108-455d-9747-0b7b6a089e8d
                https://www.last.fm/music/Joaqu%C3%ADn+Sabina
            "
            
        ,            
        "image":""
            
        ,            
        "image":""
            
        ,            
        "image":""
            
        ,            
        "image":""
            
        },
            
            
        "album":[
        
        
         {             
        "name":"Todos Hablan de Ti"
            
        ,            
        "playcount":"25772"
            
        ,            
        "mbid":"b83137bc-fc29-4264-971e-3c8f2fadf42a"
            
        ,            
        "url":"https://www.last.fm/music/Joaqu%C3%ADn+Sabina/Todos+Hablan+de+Ti"
            
        ,            
        "artist":"
                Joaquín Sabina
                a992aada-7108-455d-9747-0b7b6a089e8d
                https://www.last.fm/music/Joaqu%C3%ADn+Sabina
            "
            
        ,            
        "image":"https://lastfm.freetls.fastly.net/i/u/34s/6b2ca011456eec9f6ec6955ee6ec9bec.png"
            
        ,            
        "image":"https://lastfm.freetls.fastly.net/i/u/64s/6b2ca011456eec9f6ec6955ee6ec9bec.png"
            
        ,            
        "image":"https://lastfm.freetls.fastly.net/i/u/174s/6b2ca011456eec9f6ec6955ee6ec9bec.png"
            
        ,            
        "image":"https://lastfm.freetls.fastly.net/i/u/300x300/6b2ca011456eec9f6ec6955ee6ec9bec.png"
            
        },
            
            
        "album":[
        
        
         {             
        "name":"Cosas Tuyas"
            
        ,            
        "playcount":"8787"
            
        ,            
        "url":"https://www.last.fm/music/Joaqu%C3%ADn+Sabina/Cosas+Tuyas"
            
        ,            
        "artist":"
                Joaquín Sabina
                a992aada-7108-455d-9747-0b7b6a089e8d
                https://www.last.fm/music/Joaqu%C3%ADn+Sabina
            "
            
        ,            
        "image":""
            
        ,            
        "image":""
            
        ,            
        "image":""
            
        ,            
        "image":""
            
        },
            
            
        "album":[
        
        
         {             
        "name":"Dos Pajaros De Un Tiro"
            
        ,            
        "playcount":"8171"
            
        ,            
        "url":"https://www.last.fm/music/Joaqu%C3%ADn+Sabina/Dos+Pajaros+De+Un+Tiro"
            
        ,            
        "artist":"
                Joaquín Sabina
                a992aada-7108-455d-9747-0b7b6a089e8d
                https://www.last.fm/music/Joaqu%C3%ADn+Sabina
            "
            
        ,            
        "image":""
            
        ,            
        "image":""
            
        ,            
        "image":""
            
        ,            
        "image":""
            
        },
            
            
        "album":[
        
        
         {             
        "name":"Sabina 70"
            
        ,            
        "playcount":"38927"
            
        ,            
        "url":"https://www.last.fm/music/Joaqu%C3%ADn+Sabina/Sabina+70"
            
        ,            
        "artist":"
                Joaquín Sabina
                a992aada-7108-455d-9747-0b7b6a089e8d
                https://www.last.fm/music/Joaqu%C3%ADn+Sabina
            "
            
        ,            
        "image":"https://lastfm.freetls.fastly.net/i/u/34s/f3fcbf7d81dfbeac7faef0b0842a8496.png"
            
        ,            
        "image":"https://lastfm.freetls.fastly.net/i/u/64s/f3fcbf7d81dfbeac7faef0b0842a8496.png"
            
        ,            
        "image":"https://lastfm.freetls.fastly.net/i/u/174s/f3fcbf7d81dfbeac7faef0b0842a8496.png"
            
        ,            
        "image":"https://lastfm.freetls.fastly.net/i/u/300x300/f3fcbf7d81dfbeac7faef0b0842a8496.png"
            
        },
            
            
        "album":[
        
        
         {             
        "name":"Yo, mí, me, contigo"
            
        ,            
        "playcount":"15102"
            
        ,            
        "url":"https://www.last.fm/music/Joaqu%C3%ADn+Sabina/Yo,+m%C3%AD,+me,+contigo"
            
        ,            
        "artist":"
                Joaquín Sabina
                a992aada-7108-455d-9747-0b7b6a089e8d
                https://www.last.fm/music/Joaqu%C3%ADn+Sabina
            "
            
        ,            
        "image":"https://lastfm.freetls.fastly.net/i/u/34s/555ebcb7e7734d1b9521cdd4c5e894ea.png"
            
        ,            
        "image":"https://lastfm.freetls.fastly.net/i/u/64s/555ebcb7e7734d1b9521cdd4c5e894ea.png"
            
        ,            
        "image":"https://lastfm.freetls.fastly.net/i/u/174s/555ebcb7e7734d1b9521cdd4c5e894ea.png"
            
        ,            
        "image":"https://lastfm.freetls.fastly.net/i/u/300x300/555ebcb7e7734d1b9521cdd4c5e894ea.png"
            
        },
            
            
        "album":[
        
        
         {             
        "name":"Concierto Salamanca"
            
        ,            
        "playcount":"13566"
            
        ,            
        "mbid":"2f642e9a-2884-40bf-aea3-075fb88abade"
            
        ,            
        "url":"https://www.last.fm/music/Joaqu%C3%ADn+Sabina/Concierto+Salamanca"
            
        ,            
        "artist":"
                Joaquín Sabina
                a992aada-7108-455d-9747-0b7b6a089e8d
                https://www.last.fm/music/Joaqu%C3%ADn+Sabina
            "
            
        ,            
        "image":"https://lastfm.freetls.fastly.net/i/u/34s/21572f75e1004283a3c5f610b98ba58d.png"
            
        ,            
        "image":"https://lastfm.freetls.fastly.net/i/u/64s/21572f75e1004283a3c5f610b98ba58d.png"
            
        ,            
        "image":"https://lastfm.freetls.fastly.net/i/u/174s/21572f75e1004283a3c5f610b98ba58d.png"
            
        ,            
        "image":"https://lastfm.freetls.fastly.net/i/u/300x300/21572f75e1004283a3c5f610b98ba58d.png"
            
        },
            
            
        "album":[
        
        
         {             
        "name":"La Mandragora"
            
        ,            
        "playcount":"10120"
            
        ,            
        "url":"https://www.last.fm/music/Joaqu%C3%ADn+Sabina/La+Mandragora"
            
        ,            
        "artist":"
                Joaquín Sabina
                a992aada-7108-455d-9747-0b7b6a089e8d
                https://www.last.fm/music/Joaqu%C3%ADn+Sabina
            "
            
        ,            
        "image":"https://lastfm.freetls.fastly.net/i/u/34s/49c4a992b1da38f2f78b45631e051d8e.png"
            
        ,            
        "image":"https://lastfm.freetls.fastly.net/i/u/64s/49c4a992b1da38f2f78b45631e051d8e.png"
            
        ,            
        "image":"https://lastfm.freetls.fastly.net/i/u/174s/49c4a992b1da38f2f78b45631e051d8e.png"
            
        ,            
        "image":"https://lastfm.freetls.fastly.net/i/u/300x300/49c4a992b1da38f2f78b45631e051d8e.png"
            
        },
            
            
        "album":[
        
        
         {             
        "name":"Cerrado por derribo"
            
        ,            
        "playcount":"3153"
            
        ,            
        "url":"https://www.last.fm/music/Joaqu%C3%ADn+Sabina/Cerrado+por+derribo"
            
        ,            
        "artist":"
                Joaquín Sabina
                a992aada-7108-455d-9747-0b7b6a089e8d
                https://www.last.fm/music/Joaqu%C3%ADn+Sabina
            "
            
        ,            
        "image":""
            
        ,            
        "image":""
            
        ,            
        "image":""
            
        ,            
        "image":""
            
        },
            
            
        "album":[
        
        
         {             
        "name":"Juana La Loca Y Otros Grandes Éxitos"
            
        ,            
        "playcount":"7369"
            
        ,            
        "url":"https://www.last.fm/music/Joaqu%C3%ADn+Sabina/Juana+La+Loca+Y+Otros+Grandes+%C3%89xitos"
            
        ,            
        "artist":"
                Joaquín Sabina
                a992aada-7108-455d-9747-0b7b6a089e8d
                https://www.last.fm/music/Joaqu%C3%ADn+Sabina
            "
            
        ,            
        "image":"https://lastfm.freetls.fastly.net/i/u/34s/96f3eba7bbbf122ce0cab40cb280e54e.png"
            
        ,            
        "image":"https://lastfm.freetls.fastly.net/i/u/64s/96f3eba7bbbf122ce0cab40cb280e54e.png"
            
        ,            
        "image":"https://lastfm.freetls.fastly.net/i/u/174s/96f3eba7bbbf122ce0cab40cb280e54e.png"
            
        ,            
        "image":"https://lastfm.freetls.fastly.net/i/u/300x300/96f3eba7bbbf122ce0cab40cb280e54e.png"
            
        },
            
            
        "album":[
        
        
         {             
        "name":"(null)"
            
        ,            
        "playcount":"15807"
            
        ,            
        "url":"https://www.last.fm/music/Joaqu%C3%ADn+Sabina/(null)"
            
        ,            
        "artist":"
                Joaquín Sabina
                a992aada-7108-455d-9747-0b7b6a089e8d
                https://www.last.fm/music/Joaqu%C3%ADn+Sabina
            "
            
        ,            
        "image":""
            
        ,            
        "image":""
            
        ,            
        "image":""
            
        ,            
        "image":""
            
        },
            
            
        "album":[
        
        
         {             
        "name":"Lo mejor de los mejores (disc 2)"
            
        ,            
        "playcount":"2672"
            
        ,            
        "url":"https://www.last.fm/music/Joaqu%C3%ADn+Sabina/Lo+mejor+de+los+mejores+(disc+2)"
            
        ,            
        "artist":"
                Joaquín Sabina
                a992aada-7108-455d-9747-0b7b6a089e8d
                https://www.last.fm/music/Joaqu%C3%ADn+Sabina
            "
            
        ,            
        "image":""
            
        ,            
        "image":""
            
        ,            
        "image":""
            
        ,            
        "image":""
            
        },
            
            
        "album":[
        
        
         {             
        "name":"Juana La Loca"
            
        ,            
        "playcount":"5860"
            
        ,            
        "url":"https://www.last.fm/music/Joaqu%C3%ADn+Sabina/Juana+La+Loca"
            
        ,            
        "artist":"
                Joaquín Sabina
                a992aada-7108-455d-9747-0b7b6a089e8d
                https://www.last.fm/music/Joaqu%C3%ADn+Sabina
            "
            
        ,            
        "image":"https://lastfm.freetls.fastly.net/i/u/34s/4367cc06d1fc2bfc384ad2e5bc284e0b.png"
            
        ,            
        "image":"https://lastfm.freetls.fastly.net/i/u/64s/4367cc06d1fc2bfc384ad2e5bc284e0b.png"
            
        ,            
        "image":"https://lastfm.freetls.fastly.net/i/u/174s/4367cc06d1fc2bfc384ad2e5bc284e0b.png"
            
        ,            
        "image":"https://lastfm.freetls.fastly.net/i/u/300x300/4367cc06d1fc2bfc384ad2e5bc284e0b.png"
            
        },
            
            
        "album":[
        
        
         {             
        "name":"Calamaro Querido!! Cantando Al Salmon"
            
        ,            
        "playcount":"3178"
            
        ,            
        "url":"https://www.last.fm/music/Joaqu%C3%ADn+Sabina/Calamaro+Querido%21%21+Cantando+Al+Salmon"
            
        ,            
        "artist":"
                Joaquín Sabina
                a992aada-7108-455d-9747-0b7b6a089e8d
                https://www.last.fm/music/Joaqu%C3%ADn+Sabina
            "
            
        ,            
        "image":""
            
        ,            
        "image":""
            
        ,            
        "image":""
            
        ,            
        "image":""
            
        },
            
            
        "album":[
        
        
         {             
        "name":"Tiempo Después"
            
        ,            
        "playcount":"2524"
            
        ,            
        "url":"https://www.last.fm/music/Joaqu%C3%ADn+Sabina/Tiempo+Despu%C3%A9s"
            
        ,            
        "artist":"
                Joaquín Sabina
                a992aada-7108-455d-9747-0b7b6a089e8d
                https://www.last.fm/music/Joaqu%C3%ADn+Sabina
            "
            
        ,            
        "image":"https://lastfm.freetls.fastly.net/i/u/34s/a10626bdaeb7dd4087a443938cc519ee.png"
            
        ,            
        "image":"https://lastfm.freetls.fastly.net/i/u/64s/a10626bdaeb7dd4087a443938cc519ee.png"
            
        ,            
        "image":"https://lastfm.freetls.fastly.net/i/u/174s/a10626bdaeb7dd4087a443938cc519ee.png"
            
        ,            
        "image":"https://lastfm.freetls.fastly.net/i/u/300x300/a10626bdaeb7dd4087a443938cc519ee.png"
            
        }
        "album":[
        
        